22866546,5,80,14,,254,,,14,,1,24,,,,2,,1,,,,,23
42440233,119,125,60,7,103,5,21,12,,16,27,9,4,1,1,3,10,,,,24,18
28446706,96,144,88,9,104,5,29,4,,,11,,3,3,3,1,6,,,,25,14
74653596,72,192,74,27,92,11,3,17,,10,41,,9,8,1,2,12,,4,,19,23
29231851,254,18,2,,,2,127,,,,,,3,3,,,2,,,,63
40897649,22,120,66,,140,2,,12,,1,10,,,,,,,,,,17,11
43387535,17,61,87,1,118,,,7,,2,23,,,,1,,3,,,,22,18
41330561,33,84,80,4,22,,,5,,,2,,,1,,2,1,,1,,10,3
31317869,7,188,80,,11,,,2,,,,2,,,,,,,,,,4
31501328,18,136,45,10,102,2,1,3,,1,6,,,2,,3,2,,,,12,16
68629392,85,164,133,8,71,5,10,17,,10,49,1,2,11,,10,5,,3,,16,13
1980,110,96,22,4,8,10,1,1,,,,1,14,,1,,69,,,,105,75
50382470,4,40,21,,201,,,17,,2,7,,,,,,1,,,,,16
46730819,254,21,3,,,1,76,,,,,,,5,,1,3,,,,95,1
37658509,254,20,1,,,1,107,,,,1,,1,2,,1,1,,,,51,2
32796946,101,141,47,8,106,4,12,15,,8,29,,1,,5,6,23,,5,,38,17
25008403,,2,,,,,,158,,,,,,,,,,,,,1,2
44655165,15,48,4,,1,,,,,,,,1,1,,,,,,,6,2
27429141,18,42,13,4,11,2,,1,,,,,3,2,1,,16,,,,7,14
26163284,32,221,66,11,104,4,,18,,11,18,4,5,3,1,,1,,,,19,14
14879978,3,57,7,1,9,,,,,,,,,,,,,,,,2,1
27671913,,5,1,1,13,1,,254,,5,2,1,,,,,,,,,1,28
46500138,4,75,31,1,169,2,,1,,5,13,,,,,,1,,,,2,15
1049582,,5,254,1,,16,,,,,,,,7,,,,,,,,2
48978833,,4,39,,8,,,3,,,,,,1,,,,,,,,34
33439877,115,107,31,3,12,3,8,3,,,1,1,4,9,2,4,1,,2,,22,12
55526638,,2,,1,83,,,,,1,,,,,,,1,,,,2,8
33918856,43,204,85,1,108,4,3,18,,3,25,4,2,5,2,1,7,,4,,26,20
10284970,59,162,52,5,103,2,9,15,,8,20,2,,9,,2,15,,,,22,15
35775238,9,36,149,,3,3,1,,,,,,2,2,,2,,,,,3
23749394,21,49,17,4,5,1,1,3,,,,,3,1,,2,7,,,,19,6
20060920,,5,1,,12,1,,254,,5,2,1,,,,,,,,,1,28
42521128,1,14,76,,1,,,,,,,,,,2,,,,,,1
33496713,254,42,1,1,,1,55,,,,,,1,,,,2,,,,67
133701,,10,2,1,100,,,14,,20,9,,,,,,,,,,,16
36648726,175,87,11,3,,1,12,,,,1,,7,9,1,1,30,,,,61,14
64977560,1,12,35,3,26,,,,,,3,,,1,,,,,,,,2
30663134,,5,109
64701405,94,179,60,6,107,9,6,22,,9,20,4,,4,1,1,9,,,,49,15
40723354,1,10,254,1,1
22744062,,4,,,23,,,,,,254,,,1,,,,,,,,6
24097607,,36,14,6,254,2,3,15,,2,49,,,,,,,,,,,35
29691388,,16,254,11,,95,,,,,,,1,2,,1,,,,,1,1
24105430,,2,100,,22,2,,14,,2,,,,2,1,,,,,,,18
40064902,9,36,63,2,99,,1,13,,3,25,,,,3,,,,,,4,15
40417895,94,134,37,29,65,19,3,20,,1,47,3,8,28,,110,9,,,,18,21
29156611,1,3,254,1,,,,,,,,1,,,,,1,,,,,1
35193970,5,60,55,29,12,3,,5,,,,,8,31,,2,28,,,,7,48
46377839,254,71,8,2,3,3,19,2,,,,,2,16,,1,29,,,,78,6
28976701,,15,66,3,24,,,32,,3,2,,,,1,,,,,,,26
28046056,254,23,1,,,,75,,,,,,1,4,,1,5,,,,60,1
34156761,9,12,254,,,9,1,,,,,,,,4,,,,,,,1
34190052,33,97,254,1,7,,,,,,,,,3,,,5,,,,22,3
16049655,1,19,10,,254,,,67,,41,9,,,,,,,,,,,18
36840461,108,133,15,1,6,5,4,,,,,,12,18,3,1,29,,,,60,9
19492084,,6,,,166,,,,,,51,,,1,,,,,,,,5
9884911,127,40,44,3,1,9,14,5,,,,1,1,5,,,13,,,,37,2
31077591,,2,43,1,16,3,,31,,1,1,,,1,,,,,,,,6
41813147,1,24,19,,112,,,6,,3,1,,1,,2,,,,,,1,11
7425815,254,60,4,10,2,,109,,,,2,,2,4,,1,16,,2,,54,21
28789258,,7,,,11,,,,,,254,,,,,,,,,,,3
41741043,,2,,3,51,1,,1,,4,2,,,,,1,1,,,,,6
24533708,,3,,,67,,,1,,,,,,,,,,,,,,4
10965324,,,,,59,,,1,,,,,,,,,,,,,1,4
63829032,,13,44,2,10,,,4,,,,,,,,,,,,,1,9
28403348,47,25,6,1,,4,1,,,,,,1,4,1,,4,,,,9,1
28938309,254,7,,1,,3,26,,,,,,1,,,,,,,,12,1
30646196,,8,5,,201,,,5,,,5,,,,1,,2,,,,,11
23162459,,16,6,,52,,1,154,,254,1,,1,,,,,,,,,48
69944083,2,29,39,1,7,3,,,,,,,,,,,,,,,2,3
31153126,162,19,,,,,111,,,,,,1,,,,1,,,,46,9
65465753,9,32,19,,94,,,5,,14,20,,1,,,,2,,,,4,11
52544205,14,39,37,,79,2,,2,,,3,,2,,1,,,,,,4,13
10543774,254,25,2,1,,,68,,,,,,3,5,,,4,,,,66,1
41997442,254,49,108,,18,5,129,8,,2,3,,,,,,4,,,,91,17
43137732,90,133,85,4,127,,7,11,,3,22,1,1,15,2,3,9,,1,,23,16
38779257,129,36,19,9,,1,,,,,1,,4,31,3,,10,,3,,16,3
39813505,254,25,7,,,11,201,,,,,,5,1,3,,3,,1,,87,3
613,48,84,15,4,15,6,,1,,,,,28,4,2,1,62,,,,49,36
31127217,,7,188,,6,,,6,,,,,,,,,,,,,,7
40074676,16,67,18,6,169,,,22,,,5,,,1,,,5,,,,7,13
89555822,3,36,30,1,4,3,,1,,,,,,,1,,,,,,2,2
72003334,4,28,5,8,,4,,,,,,,3,,,9,2,,,,2,8
67655918,10,16,16,4,2,3,,1,,,,,1,2,,,23,,,,16,45
50432524,1,12,,,47,,,,,,,,,,,,,,,,,11
25540637,,1,39,2,10,2,,1,,,,,,,,,,,,,,6
34049495,2,46,11,,226,1,,8,,10,7,,,,,,,,,,2,13
64434153,6,11,16,,10,1,2,5,,,,,1,,,2,1,,,,3,4
48749102,19,13,7,9,,,,,,,1,1,,17,,,,,,,,1
30627070,1,3,254,1,,10,,1,,,,,,1,,,,,,,,3
41239488,7,52,49,,5,3,,1,,,,,,2,,,1,,,,1,5
58113614,119,91,115,4,56,3,62,12,,9,13,,,1,1,,5,,,,51,26
38905008,254,23,2,3,,4,99,1,,,,1,4,,,1,2,,,,58,6
47955524,160,42,5,1,1,,23,,,,,,13,3,6,1,13,,,,39,10
25535241,192,90,6,3,1,2,1,1,,,,,32,7,,,71,,,,119,39
28488983,175,83,8,8,,,1,,,,,,12,3,1,,68,,,,118,50
43451964,31,219,59,1,93,3,,13,,1,19,2,,9,,4,4,,,,20,23
24807991,,1,254,,,,,,,,,,9,,,,,,,,10
51166567,254,10,9,1,,1,61,1,,,,,2,13,1,,4,,,,43
68120586,53,5,,,,,14,,,,,,,1,,,,,,,18
27122967,1,15,186,32,,,,,,,,,,7,,13,,,,,1,119
16120134,,83,254,,2,,,,,,1,,,,1,,6,,,,25,14
35176013,2,9,174,,2,5,,,,2,,,1,1,,,1,,,,2,1
78235322,23,66,46,2,34,1,,,,,3,,1,3,1,,2,,,,6,6
71699049,6,24,33,1,5,7,,1,,,1,,,,,,2,,,,1,1
29689124,2,33,12,,254,,,2,,2,11,,,,,,,,,,,1
37049726,249,106,39,5,9,3,15,,,,1,,6,13,,1,53,,1,,136,53
27683540,16,34,180,22,15,,,8,,,1,,4,,,2,13,,,,12,149
20366771,217,20,,,,,52,,,1,,,,11,,,,,,,43
37488722,8,26,61,,5,9,,,,,,,,,,,1
31134999,,3,1,,59,,,,,,1,,,,,,,,,,,3
66640066,43,35,22,3,3,5,,1,,,,,29,5,1,1,49,,,,31,27
26617007,2,,129
27068012,,4,16,2,210,1,,2,,4,,,,,,,1,,,,,9
64788824,3,17,24,5,4,5,,1,,,,,1,,,,,,,,,3
43666695,,,,1,177,,,,,,,,,,,,,,,,,2
32906145,223,73,26,17,,8,9,,,,,,24,30,3,,70,,,,105,40
47749493,49,254,12,3,3,4,9,,,,,,3,3,1,2,3,,,,4,6
23420445,1,6,4,7,26,3,,5,,12,72,,,,,,21,,,,,35
39840380,1,6,6,1,27,1,,254,,39,1,3,,,,,1,,,,,22
3799552,254,20,2,,,,92,,,2,,,3,5,,,3,,,,62
52795778,,3,28,,24,1,,9,,2,,,,,,,,,1,,,12
37169992,138,36,8,,1,,4,,,,,,3,3,1,2,2,,,,12,2
33406146,,9,,6,28,,,,,1,2,,1,,,,,,,,,4
77253235,46,215,70,,104,5,4,5,,10,7,1,,2,,3,14,,,,23,12
32746404,,,,1,,,,49,,,,,,,,,,,,,,1
26955722,11,115,37,,114,1,1,27,,1,62,,,1,10,,2,,,,,8
38315566,254,22,1,2,2,1,127,,,,,1,1,3,,,1,,,,52,2
5913571,126,,,,,,75,,,,,,,,,,1,,,,19,1
44650508,254,28,10,2,,,46,2,,,,,2,6,,,5,,1,,78,2
23109991,254,31,5,3,4,,126,12,,1,13,1,9,21,,,5,,,,64,4
26140698,26,,,,,,82,,,,,,,6
26797336,2,3,,5,75,2,,,,,,,,2,,,,,,,2,15
29395369,,10,,,6,,,,,,254,,,,,,,,,,,1
23868023,,12,,,19,,,,,,254,,,,,,,,,,,11
26401214,2,31,27,,193,,1,15,,,4,,1,,,,2,,1,,,12
28312499,254,20,1,,,6,178,,,,,,3,1,1,,,,,,21
32211876,,2,2,3,3,,,167,,1,,,,,,,,,,,,25
23441931,,22,6,1,117,,,1,,2,21,,1,1,1,,,,,,,18
36864522,2,7,254,1,3,2,,1,,,,,,,,,1,,,,2,3
17991015,8,14,,,,,,,,,,254,2,4,,,,,,,,2
56036952,2,34,15,1,5,,,1,,1,3,,2,1,,,,,,,,2
47242898,,14,3,1,21,,,,,1,1,,,3,,,2,,,,1,5
60684388,2,8,3,,,,,,,1,,,,,136,1,,,,,1,1
49328294,,6,25,2,18,4,,11,,1,2,,1,6,,,2,,,,2,17
75848500,254,25,2,,2,3,51,,,,,,,2,,,3,,,,84,2
4529580,1,6,1,4,185,,,2,,5,1,1,,,,,,,,,,16
42938325,,6,3,,4,,,214,,4,3,,,,,,,,,,,9
27089831,,,,,,,,,,,,,,,,254
28816125,29,,4,,,1,254,,,,,,52,,,,,,,,1
59444406,103,55,28,5,3,4,4,2,,,,,6,7,,2,15,,,,31,10
47974838,2,30,,,,,,,,,,113,3,2,,,,,,,,1
52623472,1,5,254,1,,,,,,,,,,1,,,1,,,,2
35071767,1,37,53,,1,6,,,,,,,,,,,1,,,,2
41732288,1,39,2,5,60,,,14,,1,254,,,,,,,,,,3,7
49237690,1,26,3,,234,,,5,,1,69,,,,,,1,,1,,,11
40214474,1,6,254,,,,,,,,,,,,,,,,,,3,1
47642896,34,76,27,,76,,1,10,,1,18,,,3,1,,2,,,,8,4
26926086,77,69,,,,,7,,,,,,18,10,,,254,,,,94
29812704,1,3,254,1,,,1,,,,,1,,1,,,1
52293853,26,16,11,,2,4,2,,,,,,3,4,,1,6,,,,12,6
34886866,1,7,3,,7,,,160,,7,,,,1,,,,,,,1,12
64422572,254,110,31,1,3,3,21,1,,,,1,3,17,4,6,25,,,,99,5
75707210,,,,,,6,,,,,,,,,,254
4239561,20,3,1,,,,160,,,,,,,,,,1
26982127,,12,4,3,2,,,254,,246,1,,,,,,,,,,,19
26838873,5,98,22,3,137,,,19,,7,10,,2,2,,,1,,,,,3
28956280,,5,9,,,,,,,,220,,,,,,,,,,,21
59085546,228,80,4,,1,1,58,,,,,,6,3,,,114,,,,107,33
63079207,3,36,34,,7,3,,1,,,1,,,,,,,,,,2,2
24470592,10,34,81,2,160,4,,30,,12,24,,1,,,,3,,,,9,18
26656301,3,16,254,,,3,,,,,,,,,,,,,,,2
27999724,1,5,1,2,11,,,,,,130,,,,,,,,,,,1
41461004,,9,33,,83,1,,8,,,1,1,,,,,,,,,1,7
11453392,254,7,2,1,,3,42,,,1,,,1,2,,,2,,,,33,6
64413079,1,5,254,1,,,,,,,,1,,,,,1,,,,,1
26457580,254,7,1,,,1,41,,,,,,1,3
42901931,,7,94,,,4,,,,,,,,,,,1
36374634,27,46,1,1,8,,,,,,,,6,1,,,20,,,,47,32
36566248,,,103,,,60
47574217,,12,11,,36,,,1,,,,,,,1,,,,,,,7
42027527,,9,254,1,1,1
72831438,,30,49,,3,1,,,,,,,2,1,,,,,,,,1
51608431,76,218,67,3,12,1,3,,,,1,5,1,4,,,1,,,,5,6
40531997,,4,72,,6,,,2,,,,,1,,,,,,,,,1
42844955,1,81,1,1,,8,,,,,,,1,,,9,,,,,,2
30253315,,5,1,,82,2,,,,,1,,,1,,,1,,,,1,14
35344099,,2,,,97,,,,,,,,,,,,,,,,,3
58817486,58,10,,,,,26,,,,,,2,1,1,,3,,1,,7
82897501,16,15,9,14,31,8,,11,,22,1,,7,8,,5,8,,,,12,12
32651494,35,36,13,6,4,,1,,,,,,11,7,,4,17,,,,21,7
21994580,,32,5,,10,,,33,,148,11,,,,1,,,,,,,15
23436656,2,32,254,10,,3,,,,,,,,238,,,,,,,8,1
14600444,119,95,19,3,7,1,1,,,,,,20,8,,,129,,,,104,74
25205683,,2,,,30,1,,,,,2,,,,,,,,,,1,24
36704950,16,61,4,5,28,1,,2,,,,,3,,,,28,,,,26,39
60375064,,1,121,,,1
36354121,2,47,2,,1
44271749,,29,5,2,254,,,11,,1,20,,1,,,,,,,,1,10
33452660,,9,97,,17,,,5,,,1,,,,1,,,,,,,1
68473814,,10,32,5,31,10,,1,,,1,,,,,,,,,,,4
33430123,,5,43,,8,,,48,,4,,,1,,,,,,,,,13
27667725,23,7,7,10,,,,,,,,,,,,,7,,,,5,2
69073274,2,21,21,,88,,,7,,1,4,1,1,,,,1,,,,1,14
58267631,3,4,9,9,11,,,,,,,,,,,,,,,,,59
52617506,5,43,45,2,98,2,1,7,,2,4,,2,3,2,,3,,1,,6,14
42697954,95,10,2,1,2,,23,6,,6,,,1,1,,,1,,,,36,2
69835202,,23,21,1,5,2,,,,,,,2,1,1,,,,,,1
23303608,1,1,,1,26,,,38,,27,,,,,,,,,,,,3
28078863,,,,,2,2,,,,,192,,,,,,,,,,,1
26281601,,2,1,,44,,,2,,1,,,,,,,,,,,,5
36349337,18,18,21,3,2,2,,,,,2,,1,3,,,1,,,,3,2
39732063,1,8,230,13,1,31,,1,,,,,,4,24,,7,,,,2,29
35006004,95,60,9,3,,2,,,,,,1,13,46,,,,,,,7,4
39519503,254,16,3,,,,83,1,,,,,10,5,1,,1,,,,70,3
53744714,254,40,1,1,,1,64,,,1,,,,5,2,,7,,,,70,2
49950002,22,122,33,4,152,2,12,15,,1,11,2,,9,3,1,1,,,,11,10
11493753,3,4,134,,,,,1
26914825,2,14,11,1,17,1,,204,,182,3,1,1,,,,1,,,,2,57
36286213,11,,69,12,,,1,,,,,,63,,,11,,,,,,235
77187327,,,,,58,1,,,,,2,,,,,,,,,,,1
65037233,254,5,,,,4,103,,,1,,,10,,,1,2,,,,26,2
37418695,141,127,43,4,14,1,5,5,,,5,1,,4,2,1,3,,,,18,8
27726199,,1,1,1,3,3,,,,,254,,,,,1,,,,,,2
37756,114,74,7,6,1,,2,1,,,,1,18,16,,1,48,,,,73,31
34100726,92,29,11,6,1,5,61,1,,,,2,30,4,17,,,,,,25,15
11724552,,3,167,,,6,,,,,,,,,,,,,,,,1
31540482,50,43,2,2,1,,3,,,,,,53,244,7,,30,,,,24
27040181,1,8,5,4,4,1,,,,,254,,,,,,,,,,,1
9466381,131,3,1,,,,19,,,,,,,3,,,,,,,36
28745913,49,167,59,,20,,3,4,,,,,,,,,1,,,,57,13
26551809,,5,,,2,,,,,,48,,,,,,,,,,,14
26766756,142,189,78,16,45,7,11,15,,,24,7,11,15,2,3,8,,,,53,25
69159978,254,25,1,3,,1,122,,,,,,3,3,1,2,3,,,,50,3
27798317,204,10,10,,1,1,254,1,,,,,4,2,1,,,,,,122,19
91598179,,4,17,21,3,5,,12,,,,,,,,,1,,,,,15
44131234,12,5,15,7,1,,,1,,1,,1,4,4,254,,1,,,,2,5
61300452,1,3,14,3,1,79,,2,,,,,,1,,,,,,,,1
79612352,1,17,54,,2,,,,,,,2
30070549,26,78,61,2,79,9,2,19,,1,4,,1,,,1,13,,,,5,16
45759859,24,,1,,,,188,,,,,,,2,,,1
15398010,1,5,,,38,,,1,,,99,,,,,,,,,,,4
59381436,27,32,3,1,1,1,,,,,,,3,2,,1,12,,,,12,5
26849781,32,1,,1,,,73,,,,,,,,,,1,,,,4
26524364,254,94,1,13,,,5,,,,,1,8,12,6,,,,,,28,3
55454607,182,76,2,6,3,3,8,1,,,,,19,11,1,4,24,,2,,67,8
44171821,,2,,,42,,,,,,73,,,,,,,,,,,2
56145014,,5,18,29,35,,,5,,26,7,,1,,,,,,,,,35
26829567,,,,,,,,176,,,,,,,,,,,,,1,4
26597332,,,,,5,2,,,,,254,,,,,,,,,,,1
24488620,4,12,7,7,3,13,1,3,,,18,,,,,24,,,,,,3
38604859,,4,10,1,6,1,,212,,14,1,,,1,,,,,,,,46
59778672,254,63,,,,1,49,,,,,71,7,2,3,9,,,,,9,11
29925150,12,43,212,2,13,20,,1,,,,1,3,2,,1,8,,,,3,15
86974058,,44,24,1,169,,,26,,1,38,,,,,,,,,,,14
17481849,,1,,3,76,,,,,,1,,,,,,,,,,,7
28564695,6,39,25,1,39,4,8,231,,44,2,1,2,,,,1,,,,2,36
72760646,16,55,105,1,105,,,7,,2,21,,,,1,,3,,,,22,15
91011081,,6,26,2,65,,,5,,4,,,,,,,,,,,,26
25368108,,28,2,1,254,,,1,,3,61,,,,,,1,,,,,4
53122872,1,20,84,,1,1,,,,1,1,,,,,,1,,,,2
62554861,,10,6,10,15,,,3,,,254,,,,,1,,,,,,9
29615500,8,1,,,,,202,,,,,,,,,,,,,,1
46414749,29,26,9,1,2,1,,,,,,,3,4,,1,2,,,,13,4
49207979,1,8,30,,11,2,,104,,55,2,1,,,,,1,,1,,,29
46497245,19,31,35,,4,3,,,,,,,,1,,,6,,,,2,1
34125866,9,,44,9,,,2,,,,,,,,1,2,,,,,11,85
33154422,,2,,,2,,,10,,149,,,,,1
29020754,,14,55,,,,,,,,,,18,254
47681870,,3,204,,,,,1
607524,,8,254,1,1
39259231,1,6,,,150,,,1,,,14,,,,,,,,1,,,1
3922534,2,28,104,,2,,,,,,,,,,,,,,,,2
24261234,,7,254,,,3,,,,,,,,,2
51731039,,3,,2,71,,,,,,,,,,,,,,,,,6
46601335,,7,3,1,4,2,,74,,4,1,,,,,,1,,,,1,8
19663152,,3,11,5,18,2,,4,,,2,,,,,,1,,,,2,10
54507092,,26,2,,140,,,10,,1,17,,,2,1
62661643,24,,2,,,,254,,,,,,,,1,,,,,,1
43190977,4,40,254,,17,8,,6,,,,,,,1,,1,,,,4,12
29999341,5,64,19,,,,,2,,,,,,8
27578413,6,20,34,10,12,7,2,6,,3,1,,,,,3,2,,,,7,77
35254251,,4,254,,,,,,,,,,,,5
38267561,,8,73,1,3,2,,1,,,1,,,,,,,,,,,1
47341907,174,49,12,4,3,3,24,2,,,,,8,9,,2,21,,,,82,22
44020938,,,57,10,,56,,1,,,,,,1,,,2
37925460,39,52,38,2,12,3,1,5,,,,,,1,1,2,,,,,12,8
56742336,58,146,82,4,118,3,8,15,,2,32,3,,8,,5,3,,,,25,17
51299573,6,3,,,,,46,,,,,,,,,,1,,,,4
7969748,,,,,17,1,,57,,214,1,,1,,,,,,,,,4
33041433,5,22,57,,1,3,,1,,,,,,,,,2,,,,3,2
62351804,2,10,254,,1,,,,,,,,,1,5,,,,,,1
35634642,58,16,5,3,,3,,,,,,,18,2,,,28,,,,12,19
29311683,,2,1,,55,1,,,,,,,,,,,,,,,,3
36725415,,1,,2,34,6,,,,,,,,,,,,,,,,11
29086155,10,43,,,,14,,,,,,,,,,6,,,,,,20
44785863,,4,21,,6,,,11,,,,,,,,,,,,,,52
8564,58,151,1,53,4,2,,,,,2,2,5,3,,,19,,,,21,208
33757960,1,16,104,,3,,,,,,,,,,1,,,,,,2,2
33205817,25,1,,,,,22,,,,,,1,,8,,,,,,2
33966660,1,4,5,3,2,3,,2,,,,,,6,,,1,,,,1,50
35213156,24,5,45,2,,24,39,3,,2,1,,,,,4,10,,,,10,89
52294652,254,19,1,,,2,83,,,,,,7,6,,,9,,,,41,7
51798253,,7,1,1,2,1,,83,,5,,,,,,,,,,,,7
50380266,254,25,,,,,67,,,,,,,6,1,,5,,,,92
27156391,,2,,,2,,,160,,,2,,,1,,,,,,,,8
44001754,,22,254,,1,1,,,,,,,,,4,,,,,,,1
76140161,254,27,,,,2,154,,,,,,,3,,,1,,,,54
35579396,19,13,,1,,2,5,,,,,1,254,2,,1
34566204,,3,50,,2,,,2,,,,,,,,,2,,2,,,1
35279783,38,8,,,,,87,,,,,,,1,,,8,,,,4,1
46553300,254,15,2,1,,3,58,,,,,,3,2,,,1,,,,47,10
47537711,254,50,2,1,,,22,,,,,,2,5,,1,,,,,21,3
27539962,12,37,57,20,,5,1,2,,,1,,2,,,31,1,,,,14,43
36292866,1,1,117,,,2,,,,,,,,,,,1,,,,,9
26091626,85,,,,,4,254,,,,,,,,,,,,,,19
40440572,,,29,2,,49
39992949,,7,95,30,1,18,,6,,1,1,,,,,,5,,,,3,23
67709671,,,1,1,92,,,,,,,,,,,,,,,,,3
43503212,131,155,81,3,44,5,13,4,,,7,,5,5,2,,10,,,,31,29
26685060,,14,41,,94,1,,2,,7,10,,,5,,,2,,,,1,7
35855598,,2,7,1,4,,,1,,,254,,,,,1,,,,,,4
38422968,,1,,,3,,,,,,254,,,,,,,,,,,1
44615263,254,18,10,2,,,5,,,,,,,1,,9,,,,,7,1
35655194,,1,,19,1,,,199,,1,,,,,,,,,,,1,14
67473171,,2,4,2,43,1,,,,,1,,,,,,,,,,1,5
46298158,5,,193,,,31
32916525,1,5,,4,47,,,,,,254,,,,,,,,,,,3
14055047,9,,97,,2,1,,,,,1,,,9,,,7,,,,1,254
55476727,,3,,,118,,,,,,,,,,,,,,,,1,3
68557041,,18,17,3,24,1,,,,,,1,,3,1,,,,,,1,7
26937382,,10,3,6,254,,,44,,,46,,,,1,1,,,,,,27
37525363,3,14,131,,13,3,3,9,,1,,,,2,,1,1,,,,2,7
55254702,1,9,7,7,20,1,,4,,,,,,1,,,1,,,,5,17
89655598,,,111,,,,,,,,,,,,1
26824676,254,26,,4,,2,24,,,,,,,1,,,,,,,41
28446783,,33,,254,,17,,,,,,,7,,,,,,,,,8
85025151,2,18,23,1,12,2,1,,,,,,1,2,,,,,,,,1
70748810,,,50,,,49
33039987,1,11,36,,36,1,,4,,2,1,,,,,,,,,,,2
45654103,,2,254,,,,,,,,,2,,,,,,,2,,1,2
29385833,254,35,,3,,4,29,,,,,,3,3,,,4,,,,47,4
45674455,1,6,230,1,,22,,,,,,,,2,,,,,,,,1
13240139,,4,,,74,,,,,1,,,,,,,,,,,,6
35562706,68,50,2,3,3,,,1,,1,,,24,11,1,,78,,,,45,13
50003636,2,9,3,,10,,1,174,,14,,2,,1,,1,,,,,,10
55207009,246,19,4,,,3,88,,,,,,,3,1,,,,,,54,2
55177566,,77,1,,65,,,,,2,,1,,,,,,,,,,6
93651295,8,51,13,,,,,,,,,,1,,,,1,,,,2
24461738,,4,1,1,26,,,,,,,1,,,,,1,,,,,23
46260384,1,48,22,,162,,,13,,5,8,,,1,,,1,,,,,7
50475032,,2,,1,42,,,,,1,,,,,,,,,,,,5
30355701,,2,3,,2,,,56,,47,,,,,,,,,,,,17
53937626,21,113,47,3,181,,,11,,4,20,1,1,1,,,2,,,,4,16
37400454,3,2,99,,1,1,,5,,,1,,,3,1,,1,,1,,6,7
62470591,3,21,70,1,46,,,8,,3,2,,,,,,,,,,,5
26939184,9,,,,,1,254,,,,,,,3,,1
32541596,36,254,19,,5,4,3,1,,1,,1,2,6,1,2,2,,1,,10,11
81829485,,14,3,,10,2,,214,,33,1,,,,,,,,,,,15
38940366,17,,,,,1,254,,,,,,10,,,6,,,,,1
35269432,52,89,117,6,24,7,,,,,1,1,7,33,2,1,1,,,,5,44
30653307,254,,,18,,,26,,,,,,27,,,,,,,,,8
50763784,14,54,3,1,2,,2,1,,,,,4,,,1,1,,,,4,5
46864625,,,118,11,,80,,,,,,,,,,,,,,,,2
32635229,254,,,,,,,,,,,,9
19211525,31,254,4,2,1,2,2,,,,,,1,4,1,9,1,,,,5,11
26663763,,7,4,,14,,,135,,52,2,,,2,2,,,,,,,24
27194461,3,,,,,,254,,,,,,,,,,,,,,1
35275754,1,3,2,1,8,,,84,,254,4,,,,,,,,,,,7
42252140,,1,,,,,,,,,,,,28,,254
24414808,1,2,,,43,,,,,,1,,,,,,,,,,,5
34173460,,2,,,4,1,,,,2,193,,,1,,1,,,,,1,4
61912858,,18,26,14,63,1,,3,,,1,,1,,,,3,,,,,16
54758306,,2,103,,1,1,,,,,,,,,,,,,,,1,2
29985450,1,13,15,1,4,3,,1,,,,,,,,,2,,,,2,9
41620590,52,254,2,21,,,,,,,,1,,,,,,,,,,31
72063579,61,45,89,6,3,18,1,5,,,,,7,6,,4,18,,,,28,39
35257924,254,28,1,,1,,101,,,,,,1,2,,1,,,,,84
28475465,38,254,9,,,8,1,1,,,,,1,,1,3,1,,,,9,2
16693618,,,,,56,,,1,,,1,,,,,1,1,,,,,6
79406276,18,33,26,,9,5,,2,,,,,,1,,,3,,,,2,2
34058410,2,94,18,,254,,1,6,,16,1,,,,2,,1,,,,4,31
28317474,,,,,25,,,,,,151,,,,,,1,,,,1,4
59970675,1,11,44,1,27,,,24,,2,2,,,,1,,,,,,,32
26239876,,7,2,4,2,,1,84,,33,3,,,,,,,,,,1,17
71758584,,144,3,1,76,,,,,,90,,4,,,,8,,,,,19
48826942,209,,,,,,,,,,,,,2
51613576,,2,73,5,9,15,,1,,,,,3,,,1,,,,,,4
74299693,,5,,,110,,,,,,,,,,,,1,,,,,2
40312139,1,1,254,,,9,,,,,,,,,16
81556531,3,33,47,4,31,2,,3,,1,,,,1,,3,6,,,,4,10
44801852,229,18,,,,,19,,,,,,1,1,1,2,12,,,,66
73763044,1,4,,1,254,,,1,,,,,,,,,,,,,,3
49874110,254,24,2,5,,1,21,,,,,2,5,7,,,11,,,,34
43426041,1,,9,,2,,,11,,254,4,,,,,,,,,,,14
23573705,,4,,,7,,,,,,254
21807361,,2,,,26,4,,,,,6,,,,,,,,,,,13
32469857,28,26,14,10,,2,3,,,,1,4,42,5,,10,,,10,,3,4
47247833,254,23,3,,,1,32,,,,,,,2,1,,3,,,,72
63978048,,2,,1,44,,,,,,,,,,,,,,,,1,3
47530834,10,17,1,,,,,,,,,,,,,,94,,,,42,38
25483981,,8,,,127,,,16,,10,5,,,,,,,,,,1,11
50867913,42,2,,50,,,,,,,,,2,2,,,1,,,,17,4
33663897,,,,,4,,,,,,221
89606549,8,3,24,2,2,1,2,3,,,,,,1,,2,,,2,,4,1
30907786,1,1,,,58,1,,,,,1,,,,,,,,1,,,5
27914455,,4,1,2,57,,,2,,1,2,,,,,,,,,,,5
70581885,,5,1,2,74,,,,,,1,,,,,,,,,,,4
36300261,66,,,,,,143,,,,,,2,9,,,,,,,27,1
39258692,1,9,12,3,22,2,,5,,,2,,,,,,,,,,1,7
32580378,55,9,1,2,,2,1,,,,,,2,,,,5,,,,7,1
30321428,200,8,,1,,5,95,,,,,,,,,,1,,,,45
74433347,20,24,8,2,14,,4,2,,,,,,,,,7,,,,13,2
85174830,,,,,22,16,,,,,5,,,,,,,,,,1,9
49800881,2,1,7,20,1,2,,11,,3,,,,,,1,2,,,,8,23
79991225,,4,1,,145,,,,,,,,,,,,1,,,,,7
35641151,,1,,,12,1,,,,,254,,,,,,,,,,,1
54200309,1,15,54,1,21,1,1,79,,1,1,,,,,,,,1,,,28
31488754,1,7,15,3,14,,,2,,1,1,,,,,1,2,,,,,24
76157573,,,107,3,10,8,1,5,,1,,,1,,,,,,,,1,6
52447753,53,13,,,,2,47,,,,,,,2,,1,5,,,,13
53765574,1,8,22,1,15,3,,143,,2,,1,,,,,,,,,,15
54485259,9,177,6,1,,48,7,1,,,,,12,,,25,,,,,1,1
33122055,254,139,33,4,8,2,31,1,,,10,6,9,3,10,10,2,,3,,52,13
68049803,,,59,2,,10,,1,,,,,,,,,,,,,,1
55164707,,10,1,1,94,,,1,,,1,,,,,,1,,,,,7
26419280,,,254,,,3
74779558,30,84,91,121,12,47,13,5,,1,2,,8,7,,71,13,,,,16,80
14323998,254,8,1,,,1,61,,,,,,,1,1,,,,,,46
89535668,,5,5,1,37,,,2,,,254,,,1,,,,,,,,4
66015636,,,1,,102,,,1,,,1,,,,,,,,,,,3
51522448,254,19,9,1,1,3,209,,,,,,1,,,,1,,,,91,6
64809505,76,160,75,7,81,,3,11,,,12,2,,1,,1,12,,,,23,16
86787547,32,34,14,3,5,,1,,,1,1,,3,4,,,11,,,,20,7
57700711,38,62,254,1,1,,3,,,,,,,27,39,,1,,,,4,12
30240377,2,26,51,,69,1,,7,,,4,,,,,,,,,,,8
75601672,12,22,15,3,24,1,,3,,,1,,1,1,,,3,,,,2,4
30980883,,2,,,66,,,,,,,,,,,,,,,,,8
36286761,1,18,6,2,1,,,28,,1,,,,,,,,,,,,6
41058589,2,20,47,,40,4,1,28,,7,2,,,,,,3,,,,6,30
42206921,7,42,9,16,5,11,,,,,,12,3,22,,,2,,,,1,4
58529457,,1,80
33970175,,,,,,,254
32781671,,1,254
51762449,23,22,8,2,25,,,,,2,1,,7,1,2,3,2,,,,5,11
33852364,3,21,180,7,2,,,,,,,,,50,,,,,,,,52
82512585,,1,,,48,1,,,,,,,,,,,,,,,,1
48677226,1,2,,,11,,,,,,254,,,,,,,,,,,2
76420917,254,15,2,1,,,30,,,,,,2,,1,,1,,,,62,1
69862891,1,65,9,,,,,,,,,,,4,1,,,,,,2
30078854,,24,6,,15,,,61,,113,79,,,,,,144,,,,,82
67175795,56,254,44,2,3,1,7,4,,,2,,1,6,1,3,3,,,,20,12
58382985,7,21,1,,,,,,,,,,,,254,,,,,,9
32119286,,5,,,1,,,,,,50,,1
70307519,43,,,,,,138,,,,,,,,,,1,,,,14
26364900,36,11,1,,,,5,,,,,,,,,,15,,,,6
10619971,,,,,,,,,,,254
67105614,,12,31,,36,,,21,,,,,,,,,,,,,,17
29412056,101,10,,,,,7,,,,,,1,,,1,,,,,9
33876792,218,91,1,2,1,3,8,1,,,,,6,12,2,,48,,,,57,21
23389128,8,,,,,,63
47077721,3,42,,5,,16,3,,,,,,1,1,,4,,,,,1,3
51656939,,3,,,1,,,,,,254,,,2,,,,,,,,1
50154306,254,12,1,2,,1,115,1,,3,,,3,,,,2,,,,65,28
26134512,,13,9,,,,,41,,44,,,,,,,,,,,,59
72675292,213,22,2,,,3,244,,,,,,6,1,,,1,,,,40,3
28178314,91,7,1,2,,,20,,,,,,3,10,,,,,,,9,1
13913635,70,30,16,3,33,3,3,,,1,,1,1,1,1,1,7,,,,18,13
57858981,4,10,54,3,1,5,,1,,,,,,1,,1,2,,,,2,6
42138011,6,,,,,,234,,,,,,,,,,8
55782473,,2,1,4,54,,,1,,,2,,,,,,1,,,,,13
80828003,2,17,7,6,27,,1,1,,,1,,2,4,,,,,,,,10
37694644,,,40,8,2,67
77175464,29,39,25,5,8,5,1,3,,,2,,8,1,1,3,18,,,,26,25
22987056,1,4,8,,8,,,96,,4,,,,,,,,,,,,4
43459126,,14,,1,31,2,,,,,,,,1,,,2,,,,,6
96271790,3,29,13,1,207,,,10,,1,33,,,,,,3,,,,1,21
72055337,,,1,1,5,,,,,,254,,1
61534625,,6,,,1,1,,,,,254,,,,,1,,,,,,6
13316110,,4,5,3,5,,1,218,,14,4,,,,,,,,,,,7
72568733,135,11,1,,,,38,,,,,,1,,1,1,1,,,,68,6
81945310,1,13,124,1,2,,,1,,,,,,,1,,1
1438094,,8,23,16,53,1,,7,,1,8,,,,1,,3,,,,2,9
56601487,2,8,122,,7,3,,7,,,1,,,1
19828425,2,8,5,9,19,2,,1,,,,,,1,,,1,,,,3,11
68170116,63,38,62,,76,2,9,15,,8,2,,,1,1,5,,,,,4,8
5354285,182,57,5,6,,,3,1,,,,,4,4,9,1,25,,,,63,52
43120663,2,14,3,9,111,5,,,,6,2,,1,1,,1,6,,,,,15
28480451,9,22,40,,1,4,24,,,,1,,3,,,,,,,,19,248
53468731,,6,19,,11,,,181,,2,,,,1,,1,,,,,,15
43069951,2,17,115,,,,,,,,,,,,1,,,,,,1
41555323,70,10,9,12,,,,,,,,,155,13,1,6,10,,1,,34,9
78257786,1,11,13,2,18,,,254,,17,,,,,,,,,,,,30
74981419,2,14,3,7,12,2,,,,,3,,,3,,,2,,,,2,10
58502188,16,87,2,6,,26,,10,,2,,,,,,7,1,,,,13,33
71758580,,,1,,1,,,,,,254,,,,,,,,,,,1
29024926,12,2,,6,,,85,,,,,,,,,,12
28669460,33,28,,,,10,1,,,,,,7,1,,,,,2,,1
29819581,254,24,,4,,6,71,,,2,,,,2,1,,,,,,17
81022934,2,6,,1,2,,,60,,175,1,,,,,,,,,,,9
39650100,,,86,4,,83,,,,,,,,,,,,,,,,2
40261600,141,3,,,,,254,,,,,3,,,,,8,,,,6
26560592,,8,2,,87,,,,,,,,,,,,,,,,,6
49329003,33,7,2,,,1,105,,,,,,1,,,,,,,,14
39284330,4,20,43,,23,3,,,,,1,1,,1,,,,,,,,2
42146415,15,42,62,16,16,9,10,4,,18,38,,,,,,1,,,,5,214
4821843,,2,,1,46,,,,,1,,1,,,,,,,,,,3
72966055,17,12,13,,,1,3,1,,,,,2,4,,1,4,,,,9,6
29824609,,6,10,,27,,1,254,,7,2,,,,,,2,,,,1,16
49394567,254,7,,,,4,82,,,,,,1,2,,,,,1,,4
57059538,147,100,76,4,49,,67,3,,4,16,3,,4,1,1,5,,,,32,10
14300783,254,17,,,,2,125,,,,,,2,2,,2,6,,,,41,11
66842592,1,5,10,1,45,1,,1,,1,1,,,,,,1,,,,1,5
47797975,17,44,38,2,8,,,1,,,,,,,,,29,,,,7,10
16065099,,,4,,2,,,141,,3,,,,,,,,,,,,4
73822026,1,3,,,46,,,,,,,,,,,,,,,,1,2
16643287,,59,15,,254,,,5,,3,2,,,,,,1,,,,,12
43722144,127,,,,,,103,,,,,,,8,,,,,,,18,8
33252408,254,13,1,2,,,234,,,2,,,7,7,1,,4,,,,68,3
42906983,5,25,32,,39,1,,27,,2,3,,,1,,,,,,,2,19
42581521,254,25,,9,3,1,23,,,,,2,4,3,2,,,,,,4,1
67287907,,1,,,,,,,,,,,,7,,254
41211013,,,,,,,137
36646243,3,254,8,3,9,,,,,,8,,1,1,3,,,,,,,2
34447291,1,2,5,1,15,,,,,,202,,,,,,,,,,,2
29959793,,4,,3,7,,,,,,166,,,,,,,,,,,2
52851230,4,1,11,,,1,30,,,,,,27,,,,,,,,,1
67742838,,5,,1,7,3,,92,,254,6,,,,,,,,,,,11
31146164,,12,4,,1,3,,88,,2,1,,,,,,,,,,,17
5503024,4,7,2,2,,5,10,,,,,,13,5,,9
33847875,,9,186,,,,,,,,,,,,1
30698871,154,6,,,1,,55,,,1,,,2,3,,,,,,,68
62486698,,,,1,49,,,1,,,,,,,,,,,,,,6
51270662,,,109
44054379,4,19,3,,254,3,,1,,6,27,,,,,,1,,,,,15
2653854,1,56,26,2,187,,,12,,6,2,,,,,,,,,,,13
50494810,,2,20,1,7,3,1,2,,1,,,,,1,,,,,,,19
33968841,254,18,,,,,,,,,,,,,,,,,,,1,2
43155004,2,25,10,10,15,1,2,2,,,1,,,,,,,,,,,10
26320909,,13,137,,,,,,,,,,,,,,,,,,1
69231206,8,76,31,200,,93,,,,,,1,7,8,,49,,,,,15,13
34328486,1,1,,,2,,,,,,254
26549346,213,11,,8,,,225,,,,,,96,,,2,,,,,2,1
35051743,13,,,,,8,254,,,,,,,,,,8
40615042,40,10,7,1,,1,43,,,,,,,,,,11,,,,31
42415952,,6,21,,18,,,1,,,,,,1,,,,,,,,9
24585496,2,5,2,1,42,,,,,,,,1,,,,2,,,,,24
43747280,1,3,,1,1,1,,181,,254,,,,,,,,,,,,22
50306643,65,20,6,,,,27,,,,,,,2,3,,2,,,,16,3
40539815,2,15,1,,7,,,,,3,14,,,,,,2,,,,,14
34810004,7,36,26,3,47,1,,,,5,74,,,2,,,,,,,2,62
41416446,,11,254,,,1,,,,,,,,1,,,,,,,2
28941210,,29,8,5,1,,,60,,198,2,,,,,,,,,,2,36
53575000,,1,114,1,,,,1,,1,,,,1,,1,,,,,,1
24970880,78,3,23,3,,56,31,,,,,,8,,,,9,,,,24,5
43903166,,15,28,,19,,,3,,,3,,1
71907190,2,13,45,,98,,,8,,,18,,,,,,,,,,1,7
37762422,134,32,10,3,,,,,,,,,7,19,1,,,,,,11
47787268,254,11,2,1,,1,79,,,,2,,1,1,,,2,,,,42,1
38290461,,1,254,,,,,,,,,9
56816,1,2,,,59,,,,,1,2,,,,,,,,,,,4
24062827,49,10,16,20,1,,,1,,,,,6,3,,,,,,,12,13
53018658,,2,,,116,,,3,,,2
23906803,,7,105,4,,3,,,,,,,3,,1,,,,,,,21
54610382,254,29,1,1,,3,93,,,,,,6,3,1,,,,,,39
52158011,17,18,76,,4,2,,1,,,,,5,1,,,4,,,,4,4
37540199,,1,51,5,,84
71302440,,5,5,5,24,3,,,,,1,,1,,,,1,,,,,9
87259880,1,27,78,,36,2,,2,,2,1,,,1,,,,,,,,6
43471052,254,24,1,,,11,89,,,,,,2,1,1,,3,,,,48
77904961,,6,20,1,28,1,,49,,3,1,,,,,1,,,,,,25
24945240,9,84,1,16,3,1,,,,,1,1,,,,,,,,,1,254
78120004,,1,1,,13,1,,,,,254,,,1,,1,,,,,,6
33310332,20,17,15,4,8,2,,1,,1,1,,,,,,7,,,,5,3
61842421,212,2,,,,,254,,,,,,,,,,,,,,3
37682149,,2,22,3,,9,,,,,,,,,,,,,,,,60
35803119,,,,,,,,,,,,,,,,,145,,,,,2
40310923,2,14,12,21,1,2,,3,,,3,,,3,,,,,,,1,7
81150960,,,88,,1
57516723,163,23,10,,2,1,25,3,,2,,,4,3,,,10,,,,40,11
36993872,254,,,,,,51
51979118,,11,254,,,,,,,,,,,,,,,,,,1
52345584,,3,70,5,1,3,,,,,1,,1,,,,,,,,,15
48416186,1,3,75,10,10,9,,,,,,,,1,,,,,,,2,10
26398436,,,105,,,254
34284619,,3,2,1,41,8,,1,,,5,,,,,,,,,,1,15
54711953,50,1,31,2,,16,46,,,,,,,,,1,9,,,,27
31662376,3,28,9,2,15,,,,,,,,,11,,1,,,,,1,127
64034750,2,14,228,,,2,,,,,,,,,3,,,,,,,1
32105613,11,5,254
40168296,50,2,,,,,78,,,,,3,,,,1,24,,,,4
54448572,,36,120,,2,2,,,,,,,,2,,,2
84335431,1,44,21,2,21,,,1,,,2,,1,,,,4,,,,4,5
82827166,,5,,,88,,,,,,,,,,,,,,,,,19
46305567,,7,10,3,9,7,,15,,4,1,,,,,,,,1,,,7
50049867,1,20,2,,242,,,42,,,137,,,,,,,,,,,7
38527359,,,3,1,4,,,73,,14,2,,,,,,,,,,,2
86656293,,,64,,,10,,,,,,,,,2
33687340,,12,4,,11,,,1,,,25,,,,,,,,,,,1
11883121,1,5,2,3,39,,,,,,,1,,,,,1,,,,1,4
26139594,1,13,27,3,27,1,,12,,,,1,,,,,,,,,,9
42891416,,,1,,14,,,1,,1,,,,,1,,,,,,,190
82572446,2,4,,1,59,,,1,,,5,,,,,,1,,,,,4
58177513,121,58,35,7,,2,1,1,,,,3,6,15,8,9,13,,,,35,12
47398728,,32,,,86,,,,,,14,,,,,,4,,,,,178
40337392,,,254,,1
23941016,,2,61,,3,5,,1,,,,1,,,,,,,,,,8
31633413,,3,129,,,1,,,,,,,,1
65179143,,13,28,1,14,,,4,,1,2,,,,,,,,,,,7
45782879,1,13,44,28,14,9,,8,,,3,,6,3,,8,2,,,,,29
81939567,8,34,13,3,15,3,,,,,,,,2,,2,2,,,,1,3
29346453,254,29,2,1,,1,2,,,,,,,2
31133985,1,2,24,2,7,,,,,,254,,1,,,,,,,,,11
37940733,254,25,1,,,,72,,,,,,3,,,,,,,,2
50274680,24,67,23,9,3,4,,,,,,,2,25,1,,,,,,1,3
34667754,3,98,1,,,,,,,1,2,1,,,,,,,,,,1
27816485,,1,138,,,,,,,,,,,1,,1
23323296,,5,,,18,,,,,,249,,,,,,,,,,,6
23476738,,,,,,,,,,,254
38943907,9,2,41,,,,,,,,,,1,,,,,,,,,254
25967949,1,71,28,,91,,,11,,,4,,,,,,,,,,,17
91222679,5,44,3,1,142,,,8,,3,254,,1,1,,,1,,,,,11
38757521,,5,100,,1,1,,,,,,,,,1
34188866,4,,,,,,66,,,,,,1
46378539,,8,,,,2,254
81778992,,17,9,2,54,,,124,,10,17,,,,,,,,,,,17
65797207,207,50,,,,,54,,,,,,7,14,,,33,,,,106,9
55725093,,2,,1,48,,,,,,,,,,,,,,,,,3
36237628,8,22,170,,39,3,,,,,4,,,1,,,,,,,1,13
58992460,254,28,1,,,,112,,,1,,,,1,,,5,,,,55
31157887,,12,254,,1,,,,,,,,,,,1,,,,,,1
29232149,,1,254
77523771,16,1,,,,,95,,,,,,23,,,,,,,,,1
57193742,74,11,4,16,,,12,,,,,1,8,1,1,,15,,,,30,22
56518226,254,5,,,,,43,,,,,,,1,,,,,,,1
30547993,4,15,7,45,,9,1,,,,4,,14,9,,8,2,,,,1,5
31457556,,8,1,,254,,,,,,,,,,,,,,,,,9
31137615,1,5,4,3,14,,,,,,254,,,,,,,,,,,9
53591423,,5,66
29051415,254,7,,1,,1,100,,,,,,2,1,11,,,,,,25
24563280,1,8,118,,,1
45095726,,7,82,,1,,,,,,,,,1,,1,,,,,1
2400315,,1,254,1,,133,,,,,,,,,,,,,,,,2
79407617,,1,,1,95,,,,,,1,,,,,,,,,,,1
26542289,1,4,1,,,,,82,,200,1,,,,,,,,,,,4
45760538,1,12,93,1,8,,,1,,,,,,,1,,,,,,1,2
64748210,158,90,4,1,2,1,3,,,,,,23,4,,1,59,,,,98,25
83333473,28,5,1,,,1,18,,,,,,8,1,,1,1,,,,18,8
60951496,,,,,196,,,,,,,,,,,,,,,,,63
76521630,,3,,3,79,,,,,,,,,,,,,,,,,2
37181243,,1,254
40079774,,17,,,254,,,,,,,,,,,,,,,,,137
63385564,,10,12,,49,,,3,,2,,,,,,,,,,,,2
55560151,,3,6,,11,,,54,,3,,,,,,,,,,,1,3
49881956,,8,16,,80,,1,31,,6,,,,,,,,,1,,5,6
76452636,1,11,155,,2,,,,,,,,,,1,,,,,,1,2
77350238,1,13,,,,,,,,,,254,1,9,,,,,,,,1
57232342,,103,5,,1,,,,,,,,,,12,3,,,,,,3
75440700,,1,,1,181,,,,,,,,,,,,,,,,,2
41902099,49,1,1,,,,117,,,,,,,4,,,1,,,,14,1
66416196,165,60,7,1,,1,10,,,1,,1,73,6,,,10,,1,,37
26513373,60,84,9,,,6,,,,,,,,,,,,,,,6,13
56195546,2,21,254,,1,3,,,,,,,1,,,,1,,,,2,2
64665755,2,16,30,1,100,,2,9,,,1,,1,,,,,,1,,1,4
58946399,5,2,10,2,,,3,,,,,,18,2,,,,,,,3,13
55363567,,,86,1,1,,1,,,,,,,,,9,,,,,,71
34035744,,12,30,2,13,,,254,,51,,,,,,,,,,,,16
36443776,27,,,,,,254
35985716,4,6,13,6,5,1,,1,,,,,,1,,,18,,,,8,6
78024157,6,25,5,6,7,3,1,1,,,1,,,,1,,,,,,1
29946403,47,4,3,,,7,172,,,,,,110,2,,3,,,,,1
74200808,85,1,,,,,105,,,,,,,,,,42,,,,2
49460592,42,3,,17,,,21,,,,,,,,,,11,,,,16
37745652,10,,9,,,,32,,,,,,,,,,,,7
46019353,5,69,2,4,3,,,,,1,,,,3,,,,,,,2
93148141,7,10,20,1,8,3,,2,,1,1,,,5,4,,1,,,,6,11
51604599,,4,,1,48,,,,,,,,,,,,,,,,,4
18753901,,,,,234,,,,,,,,,1
32404716,,2,45,2,8,10,,11,,241,,,,,,,,,,,,2
41181615,,3,1,,4,1,,73,,191,,,1,,,,,,,,,15
33518096,,19,2,,141,,,,,1,4,,1,,,,1,,,,1,6
43703607,3,29,62,,20,,,6,,,,,,,1,,1,,,,,1
17388098,6,37,46,,7,2,,,,,,,,3,,,1,,,,1
51882984,254,35,2,2,1,15,151,,,,,,15,1,2,,1,,,,26,4
28599686,7,37,29,1,29,,1,2,,,,,,,6,,,,,,5,4
24913557,,13,4,,66,,,3,,,,,1,,,,,,,,,1
78840411,254,17,1,,,,,,,,,,1,2,,,,,,,1
65883868,,2,,,7,,,,,,254,,,,,,,,,,,1
48124094,2,10,3,4,29,1,,1,,,254,,,1,,,,,,,,8
25439015,8,23,60,3,9,1,1,3,,,5,1,,,,,,,,,5,1
56585961,254,47,1,1,,2,34,,,,,,2,9,,,1,,,,3,1
50876072,254,9,,,,,156
64595696,254,15,2,5,,8,26,,,,,,2,,,,1,,,,29
92464706,,3,,,8,,,,,1,254,,,,,,,,,,,3
45063936,4,51,13,12,,9,9,,,,,,241,227,,30,9,,,,7,11
45918476,,1,2,,3,,,96,,3,,1,,,,,,,,,,10
42600551,,,39,,,254
43773071,120,3,5,,,,59,,,,,1,,5,6,1,8,,,,6
67216815,4,12,34,,36,2,,12,,1,1,,,,,,,,,,1,17
70458693,4,3,254,1,,1,,,,,,,,2
66265037,,,166,,,,,,,,,,,,,1
92198012,28,27,9,1,2,1,9,1,,,1,,2,1,1,,2,,,,5,6
72237860,24,41,5,,1,1,4,,,,,,,6,1,,8,,1,,17,1
79446950,1,3,79,1,,,,,,,,,,,,,,,1,,4
67917505,,1,44,3,,39,1,1,,,,,,1,,,,,,,,2
53437470,5,15,,,6,2,,31,,108,,,,,,,,,,,1,12
28989380,,6,,,223,,,,,,1,,,,,,,,,,,8
23257118,254,18,32,,,,85,,,,,,18,,,,45,,,,38,27
89761972,43,33,29,,10,,18,5,,10,1,,,1,,,1,,1,,21,5
30625792,3,28,2,,,,,,,1,,,,1,254
32316745,16,104,87,1,33,5,1,9,,8,3,2,2,10,,,1,,,,14,7
17081452,,2,67,4,,69,,,,,,,,,,1,,,,,1,5
48617629,1,5,254,,1,9
30399438,6,6,17,2,,5,1,,,,,,3,,,,,,,,6,22
28671770,,9,2,1,14,,,8,,,254,,,,,,,,,,,6
50967089,,1,97
67773992,4,2,254,,,4,,,,,,,,,1
72645156,1,1,,,62
51167814,62,41,64,2,42,4,31,46,,11,5,,3,1,1,,,,,,44,38
35007961,,3,,,157,,,,,,1,,,,,,,,,,,2
71557120,1,10,55,2,14,,,1,,,,,,1,,,1,,,,,3
70806006,2,41,38,1,92,2,,2,,1,3,,1,1,2,,,,,,2,11
86423818,1,12,2,3,23,2,,5,,,1,,,1,,,2,,,,3,7
37497803,254,3,,,,,182,,,,,,,,5,,,,,,9
41760668,254,,,,,,9
31078910,27,37,2,1,3,,,,,,,,,2,,,7,,,,11,3
81156858,1,25,28,1,9,,,5,,,1,,,,1,,,,,,1,5
28637840,,6,,,2,,,96,,11,,,,,,,,,,,,5
40919967,,1,,,,,,,,,254
28742437,45,30,4,5,1,,1,,,,5,,,3,,,76,,,,23,8
30798993,1,,49,6,2,,,,,,,,2,,,,,,,,,16
73256444,2,13,54,,20,1,1,22,,,,,,,1,,,,,,1,8
39403799,1,11,254,,,,1,,,,,,,,,,,,,,2,1
50969335,7,29,1,,217,2,,2,,,37,,,,,,,,,,,15
35188188,,4,,,18,,,73,,,1,,,,,,,,,,,21
55737848,,1,48,,,20
86067586,,3,4,,28,,,37,,14,,,,,,,,,,,,8
54741173,5,8,91,,1,,1,,,,,,,,,,1,,,,1
75584335,,1,,,67,,,,,1,,1,,,,,1,,,,1,3
40748081,,16,5,,3,,,,,,,,,,,9,,,,,,33
74932694,1,4,234,,,5,,,,,,,,,,,,,,,,2
53195333,,12,24,,98,,,2,,1,,,,,,,,,,,,7
81789881,1,4,254,,,,1,,,,,1,1,6,5,1
51604106,,2,,3,41,,,,,,,,,,,,,,,,,7
26503485,15,254,4,4,3,5,,,,,,,8,2,1,3,,,,,21,16
56008429,,7,1,1,6,,,138,,6,2,,,1,,,,,,,4,26
77659253,2,20,20,,47,1,1,17,,,2,,,,,,,,,,,5
74614128,,1,,,51,,,,,,,,,,,,,,,,,6
73384753,23,47,10,1,1,3,,,,1,,,1,4,,,2,,,,5
80720884,3,9,2,14,,1,2,,,,,,19,,,,,,,,2,1
54040773,,4,1,,1,,,,,,254,,,,,1,,,,,,2
50475680,,1,9,,,,,,,,,,,,,,,,,,,168
79483738,,4,254,,,,,,,,,,,,2
50850284,6,22,4,3,7,,,,,,,,,3,,,,,,,,14
64543872,,2,,,53,,,,,,1,,,1
33427616,,3,,,40,,,,,1,,1,,,,,,,,,,6
86533212,2,13,3,13,179,,,4,,2,142,,,1,,,1,,,,,30
71421339,3,37,8,,150,1,,4,,9,40,,,,,,,,,,1,8
64324966,2,10,27,3,38,4,5,158,,6,2,,1,,,,,,,,2,14
70036764,21,42,13,,,1,1,3,,,,,1,20,,1,,,,,4
56333899,80,43,25,2,4,3,1,1,,1,,,2,5,,,5,,,,16,13
64339891,8,,26,,,,,18,,,2,,,,,,,,,,,114
29294117,,6,,1,6,,,,,,146,,,,,,,,,,,3
68769234,1,8,113,,,4,,,,,,1
56864000,3,,76,4,,,,,,,,,,1
36022285,,14,9,9,72,,,10,,3,15,,,,,,1,,,,,111
66124153,,6,,,22,,,2,,,254,,,,,,,,,,,4
70800679,4,7,226,11,1,33,,,,1,,,,2,,,,,,,1,29
71058134,1,9,53,,21,,,10,,2,,,,1,,1,,,,,1,12
76527184,,3,3,1,6,,,,,,254,,,,,,,,,,,7
43280027,1,2,72,10,,72,,,,,2,,,,1,,1,,,,,12
76459653,5,21,177,1,12,3,,15,,,2,,,,,,,,,,1,18
36106717,10,68,9,1,,,,,,,,,,11
83747686,1,5,,1,43,,,,,,1,,,,,,,,,,,4
65959087,1,1,151,,4,,,3,,,,1,,,,,1,,,,,12
84588536,,4,,3,62,,,,,,,,,,,,,,,,,2
65953133,,1,,,81
46665057,5,,,,,,135,,,,1,,14,,,,,,,,1
40944520,,1,,1,1,,,24,,184,,,,,,,,,,,,3
78852046,1,5,,,49,,,,,,,,,,,,1,,,,,10
60895327,1,4,2,1,60,,,,,,81,,,,,,,,,,,11
52450920,53,102,,3,,,,,,,,,,,,,,,,,19
25690186,,,,1,63,,,,,,1,,,,,,,,,,,3
37890454,254,11,2,,1,,44,,,,,,,4,,,,,,,80
47853110,,1,,,55,,,,,,,,,,,,,,,,,2
54109933,5,12,21,1,26,1,2,12,,3,3,,,,,,,,,,1,4
70973980,1,10,11,,163,3,1,5,,,59,,,,,,,,,,,2
32773339,,3,21,1,3,9,,5,,,1,,1,1,,,3,,,,2,18
83408568,254,28,1,,,1,63,,,,,,,4,1,3,6,,,,61,2
42559277,254,18,1,1,,,9,,,,,,,2,,,2,,,,93,3
52174718,34,36,2,3,2,3,2,,,,,,1,1,,,,,,,9,1
79586233,,9,56,2,2,3,,8,,,,,,,,,,,,,1,7
27362538,85,108,5,4,,,1,,,,,,42,9,,2,43,,,,60,4
71276093,,1,,,2,,,118,,4,,,,,,,,,,,,9
63591448,211,65,7,1,1,,1,,,,,1,15,23,,2,9,,,,4
58472682,3,,,,,1,55
26838874,1,1,,1,73,,,,,,,,,,,,,,,,,3
11313287,254,30,4,2,,36,42,1,,,,,1,,,,21,,,,31,6
12164671,3,33,11,,254,,,16,,19,2,,,,,,1,,,,,8
73467419,1,,,,51,,,,,,,,,,,,,,,,1,3
73835645,2,,1,,,,130
36202025,,,,,,,,,,,254
81445043,1,19,43,1,18,2,1,2,,,,,,,,,,,,,,2
55978533,3,10,254,,,1,,,,,,,,,,,1,,,,1,2
56805426,,5,13,1,27,1,,43,,5,2,1,,,,,,,,,1,10
58794157,,4,2,,145,,,1,,1,9,,,,,,,,,,,2
76734968,1,1,93,,,,,,,,,,,1,,,,,1
35643527,,1,,,,,,,,,141
48801430,,,107
75185987,,7,6,,23,,,,,,12,,,,,,,,,,1,4
73463859,31,20,2,1,1,,,,,,,,3,1,,,24,,,,16,6
68202101,132,1,,,,,254
62887643,,1,,,,,,3,,59,,,,,,,,,,,,6
56673588,1,8,97,1,3,,,1,,,,1,,,,,1
49704218,3,7,35,4,8,7,,,,,,,1,1,,1,2,,,,2,4
80562635,,2,2,,64,,,,,,,,,,,,,,,,,5
64450759,2,3,254
65035108,,1,254
84115726,128,146,3,254,,10,9,,,,,,,,1,,,,,,34,28
69233451,54,6,,3,,,72,,,,,,1,,,,2,,,,10,1
20581895,,1,,4,48,,,,,,,,,,,,,,,,,2
76835761,,5,,,7,,,,,,254,,,,,,,,,,,4
28483415,219,2,,,,2,,,,,,,2,1,,1
28612289,254,4,18,3,,,66,,,,,,,9,,,,,,,42,19
76897705,,2,,,116,,,,,,3,,,,,,,,,,,2
39572513,,,254
59693322,4,,1,,,,50
34860568,45,9,,,,2,254,,,,,,16,,,,1,,,,6,24
55193008,6,23,5,5,9,5,,,,,1,,1,2,5,3,2,,,,1,11
94980476,18,28,29,4,11,3,6,4,,,,,1,1,2,,3,,,,6,7
61880132,102,53,65,1,20,,9,72,,23,,,,2,,,9,,,,26,8
85882037,,25,2,,116,,,13,,,5,,,,,,,,,,,7
64203616,51,2,3,,,,254,,,,,,91,1,,2,,,,,6,2
62471715,205,76,1,,,2,,,,,,1,18,7,,7,,,,,4,1
56051223,4,12,32,,37,2,,13,,6,1,,,,,,,,,,,12
58034699,,1,3,1,38,,,132,,39,,,,,,,,,,,,17
63658579,8,,,,,,217
26342585,116,54,15,2,,3,,,,,,1,26,28,23,1,,,,,8
62101761,254,8,10,,,,5,,,,,,19,19,,,79,,,,,10
48020089,2,6,6,5,12,2,,20,,,192,,,,,2,,,,,,20
33262119,,5,1,,1,,,99,,3,2,,,,,,,,,,,6
42360918,6,24,64,254,,17,1,1,,,2,,29,,,5,,,,,4,20
83338072,254,18,1,3,,2,142,1,,,,,2,2,,1,1,,,,75,3
69505616,,24,23,,77,,,7,,,2,,,,,,2,,,,,11
92176015,4,11,7,,20,1,,,,,,,,1,,,2,,,,6,4
36548199,78,11,,,,,2,,,,,,16,,,,,,,,2
45048175,,1,,4,56,,,,,,1,,,1,,,3,,,,,13
83724292,,18,11,1,137,,,,,3,15,,,,,,,,,,,5
58233656,2,27,21,5,16,,1,,,,1,,,1,,,3,,,,,6
33364949,46,21,11,,,,3,,,,1,,1,1,1,,,,,,5,3
46694451,,17,56,,23,,,,,1,1,,,,,,,,,,,5
32307798,,31,,1,254,,,,,,17,,,,,,,,,,,43
49660228,5,9,254,15,8,,1,,,,,,,15,,,,,,,,52
35294670,1,2,,1,91,,,2,,,,,,,,,,,,,,23
78071953,,2,,,1,,,25,,196,,,,,,,,,,,,2
76109085,9,,11,,,,61,,,,,,,,,,,,,,,6
70966343,38,16,9,1,,1,1,3,,,,,6,2,1,1,34,,,,15,10
47637042,2,12,254,,,2,,,,,,,,,,,,,,,,1
56092511,6,62,28,,131,1,1,13,,3,11,,,,,2,2,,,,3,18
52680880,1,8,22,,28,,,7,,1,,,,,2,,1,,1,,,3
68549970,11,12,19,5,2,5,,8,,1,,,1,,,2,,,,,4,9
53777783,3,27,31,3,6,,,,,,,,,,,,1,,,,,9
16321531,3,5,1,6,27,2,,2,,,6,,,,,1,1,,,,1,6
68226371,18,,9,,,11,,,,,,,,,,,,,,,18,7
48462981,142,11,15,1,,,174,,,,,,,,,,,,,,139,2
71787383,,2,,,21,1,,,,,195,,,,,,,,,,,2
26403244,,3,6,,16,,,,,,254,,,,,,,,,,,4
42002158,254,25,,,,4,65,1,,1,,,1,2,,,,,1,,65,2
78218282,1,2,,,,243,,,,,,,1
49494770,1,,1,,34,7,,,,,1,,1,,,,,,,,,8
65238998,6,15,57,132,42,5,,2,,,6,,1,4,,2,,,,,1,92
34388652,2,3,254,2,,2,,,,,,,,3
34232284,1,6,5,3,26,1,,,,,,,,1,,,,,,,1,28
79393500,1,10,10,,1,,,23,,,1,,,,,,,,,,1,8
77967796,,,34,,,157,,,,,,,,,1
71247588,96,51,12,,,32,,,,,,,121,14,33,12,18,,,,78,23
84988331,50,2,3,,,,4,,,,,,,43,,,,,,,11
88902351,21,118,78,6,117,2,3,34,,4,27,,2,3,,,1,,1,,13,16
67920267,,9,3,,9,1,4,140,,5,1,,,,,,,,,,2,17
60316758,1,21,56,,67,,,8,,,2,,,,,,,,,,,2
58881301,,,,,3,,,,,,254
44623711,2,14,9,5,16,1,1,1,,,1,,,1,,,10,,,,4,6
26422795,4,22,4,1,26,,,,,1,,,,1,,,,,,,,16
42734472,9,29,19,,82,,1,3,,,8,,,,,,1,,,,5,6
43950777,,5,18,5,3,,1,19,,,2,,,,,,1,,2,,2,3
81348334,254,34,4,,,2,38,1,,3,,,12,7,,,8,,2,,47,14
39631186,,1,,,,,,30,,208,,,,,,,,,,,,7
28660093,,2,,,12,,,,,,163,,,,,,,,,,,3
84833200,254,15,,,1,,94,1,,,,,2,1,,,1,,,,83
84409801,,4,36,,21,3,,11,,1,1,,1,,,,,,,,,23
29444772,,,254,13,,4,,2,,,3,,2,,,,,,,,,53
52366859,,6,,,2,,,2,,,254,,,,,,,,,,,1
86342372,87,11,2,,,,5,,,,,,,,,,,,,,22
46613873,194,79,5,2,3,2,18,,,,,,4,8,,,14,,,,74,10
53261098,1,6,180,,,,,,,,,1,,1,,,1,,,,3
55572090,3,1,254,,,,,,,,,,,,,,,,,,2
61359704,,,,,3,,1,,,,254,,,,,,,,,,,1
79419026,1,17,68,,16,3,,5,,2,,,,,,,1,,,,1,3
63894223,,6,178,2,,3,,3,,,,,1,1,2,,,,,,,1
39213229,63,,,,,,11,,,,,,1,,,1
58948653,128,8,15,19,,,4,,,,,,1,1,,1,55,,,,93,12
59381252,,5,17,,14,,,53,,1,5,,,,,,,,,,,7
35370961,,2,254,,,,,,,,,,,,,,,,,,1
40500038,10,10,2,1,18,2,,,,,,,1,1,,5,4,,,,9,11
88317547,2,11,28,1,9,,,4,,2,1,,,,1,,,,,,1,2
64948261,2,7,53,,16,2,,14,,1,,,,1,2,,,,,,4,5
60018272,,,,,1,,,,,,143,,,,,,,,,,,1
